date,application_started,application_submitted,application_reviewed,application_shortlisted,application_next_step,application_selected,application_outcome_recorded
2026-08-01,11,10,0,0,0,0,0
2026-08-02,11,8,6,1,0,0,0
2026-08-03,22,20,6,2,0,0,0
2026-08-04,26,20,9,6,1,0,0
2026-08-05,26,23,10,6,1,0,0
2026-08-06,18,16,12,2,2,1,0
2026-08-07,18,10,12,5,2,0,0
2026-08-08,11,11,13,6,3,1,0
2026-08-09,10,7,6,6,6,1,0
2026-08-10,25,21,9,1,2,2,1
2026-08-11,25,23,15,3,0,1,3
2026-08-12,19,18,15,4,1,2,1
2026-08-13,23,21,20,9,4,2,0
2026-08-14,20,18,12,7,5,0,0
2026-08-15,15,14,16,10,7,2,2
2026-08-16,10,9,15,6,4,2,2
2026-08-17,19,17,12,7,4,1,2
2026-08-18,22,22,13,1,7,5,2
2026-08-19,20,19,8,9,1,1,3
2026-08-20,18,17,23,7,7,2,1
2026-08-21,25,20,11,12,4,1,1
2026-08-22,16,11,20,5,7,2,2
2026-08-23,12,9,8,9,3,2,0
2026-08-24,18,14,12,7,3,5,2
2026-08-25,19,19,13,3,5,1,1
2026-08-26,20,19,9,9,7,2,2
2026-08-27,24,22,17,4,2,3,1
2026-08-28,22,21,18,8,7,2,2
2026-08-29,17,15,11,10,2,1,2
2026-08-30,16,15,14,4,3,0,3
2026-08-31,0,0,8,6,3,2,1
2026-09-01,0,0,5,6,6,0,1
2026-09-02,0,0,3,4,2,3,0
2026-09-03,0,0,0,3,4,0,1
2026-09-04,0,0,0,0,3,3,2
2026-09-05,0,0,0,0,0,2,1
2026-09-06,0,0,0,0,1,3,3
2026-09-07,0,0,0,0,0,0,2
2026-09-08,0,0,0,0,0,1,1
2026-09-09,0,0,0,0,0,0,2
