date,search_performed,search_result_viewed,listing_viewed,company_contact_started,engagement_started,match_created,outcome_recorded
2026-08-01,14,13,9,5,1,0,0
2026-08-02,9,9,7,4,3,0,0
2026-08-03,15,14,9,5,2,2,0
2026-08-04,17,15,11,6,2,1,1
2026-08-05,19,18,13,6,2,0,0
2026-08-06,20,20,11,3,1,3,0
2026-08-07,16,16,12,4,0,0,1
2026-08-08,13,11,8,4,2,1,0
2026-08-09,11,10,3,2,3,0,0
2026-08-10,20,18,15,8,4,0,0
2026-08-11,15,13,11,3,4,2,0
2026-08-12,18,18,9,4,2,1,0
2026-08-13,17,16,12,7,5,2,1
2026-08-14,15,14,12,3,1,2,2
2026-08-15,10,9,4,1,1,3,1
2026-08-16,12,10,5,2,1,2,0
2026-08-17,22,21,15,8,2,0,1
2026-08-18,16,14,13,7,5,1,1
2026-08-19,17,16,11,6,3,1,2
2026-08-20,18,16,10,4,4,1,0
2026-08-21,18,18,11,2,3,2,1
2026-08-22,15,14,13,5,0,2,0
2026-08-23,11,10,7,6,3,1,0
2026-08-24,19,18,12,4,7,0,1
2026-08-25,20,18,13,6,2,2,1
2026-08-26,17,12,5,1,2,3,0
2026-08-27,18,18,12,6,2,0,2
2026-08-28,22,20,9,6,2,3,2
2026-08-29,11,10,8,1,2,1,1
2026-08-30,12,12,8,5,1,1,1
2026-08-31,0,0,0,0,3,0,1
2026-09-01,0,0,0,0,0,2,0
2026-09-02,0,0,0,0,0,0,1
2026-09-03,0,0,0,0,0,0,2
