support,itemsets,itemset_size
0.1324153639093074,WHITE HANGING HEART T-LIGHT HOLDER,1
0.11719639714256135,REGENCY CAKESTAND 3 TIER,1
0.10570452427787555,JUMBO BAG RED RETROSPOT,1
0.10208096076198364,PARTY BUNTING,1
0.08241018738999896,LUNCH BAG RED RETROSPOT,1
0.07619836421989853,PACK OF 72 RETROSPOT CAKE CASES,1
0.07319598302101667,ASSORTED COLOUR BIRD ORNAMENT,1
0.07091831452531318,SET OF 3 CAKE TINS PANTRY DESIGN,1
0.0707112537529765,NATURAL SLATE HEART CHALKBOARD,1
0.06781240294026297,JAM MAKING SET WITH JARS,1
0.06719122062325293,HEART OF WICKER SMALL,1
0.06491355212754944,JUMBO BAG PINK POLKADOT,1
0.06460296096904442,JUMBO STORAGE BAG SUKI,1
0.06356765710736101,JAM MAKING SET PRINTED,1
0.06273941401801429,JUMBO SHOPPER VINTAGE RED PAISLEY,1
0.06191117092866756,WOODEN PICTURE FRAME WHITE FINISH,1
0.06180764054249922,VICTORIAN GLASS HANGING T-LIGHT,1
0.06160057977016254,ROSES REGENCY TEACUP AND SAUCER,1
0.06056527590847914,SMALL POPCORN HOLDER,1
0.06025468474997412,SET/20 RED RETROSPOT PAPER NAPKINS,1
0.05973703281913242,RECIPE BOX PANTRY YELLOW DESIGN,1
0.05932291127445905,GREEN REGENCY TEACUP AND SAUCER,1
0.05890878972978569,LUNCH BAG  BLACK SKULL.,1
0.05859819857128067,SET OF 6 SPICE TINS PANTRY DESIGN,1
0.05518169582772544,LUNCH BAG CARS BLUE,1
0.05383580080753701,LUNCH BAG PINK POLKADOT,1
0.05383580080753701,LUNCH BAG SPACEBOY DESIGN,1
0.053732270421368675,SET OF 4 PANTRY JELLY MOULDS,1
0.05259343617351693,JUMBO  BAG BAROQUE BLACK WHITE,1
0.05259343617351693,PAPER BUNTING RETROSPOT,1
0.05238637540118025,POSTAGE,1
0.05197225385650688,PLEASE ONE PERSON METAL SIGN,1
0.05062635883631846,PACK OF 60 PINK PAISLEY CAKE CASES,1
0.05031576767781344,LUNCH BAG WOODLAND,1
0.049901646133140076,ALARM CLOCK BAKELIKE RED,1
0.049591054974635056,RED RETROSPOT CHARLOTTE BAG,1
0.048969872657625015,60 TEATIME FAIRY CAKE CASES,1
0.04886634227145667,HOME BUILDING BLOCK WORD,1
0.04876281188528833,HEART OF WICKER LARGE,1
0.04793456879594161,SPACEBOY LUNCH BOX,1
0.04762397763743659,STRAWBERRY CERAMIC TRINKET BOX,1
0.0468992649342582,JUMBO BAG WOODLAND ANIMALS,1
0.046692204161921526,6 RIBBONS RUSTIC CHARM,1
0.04627808261724816,JUMBO BAG PINK VINTAGE PAISLEY,1
0.046071021844911485,CHARLOTTE BAG SUKI DESIGN,1
0.046071021844911485,CLOTHES PEGS RETROSPOT PACK 24,1
0.0458639610725748,COOK WITH WINE METAL SIGN,1
0.04544983952790144,WOODEN FRAME ANTIQUE WHITE,1
0.0453463091417331,HANGING HEART JAR T-LIGHT HOLDER,1
0.04524277875556476,DOTCOM POSTAGE,1
0.04493218759705974,LUNCH BAG SUKI DESIGN,1
0.04472512682472306,DOLLY GIRL LUNCH BOX,1
0.04472512682472306,JUMBO BAG STRAWBERRY,1
0.04462159643855471,SET/5 RED RETROSPOT LID GLASS BOWLS,1
0.04358629257687131,SET OF 3 HEART COOKIE CUTTERS,1
0.04348276219070297,PAPER CHAIN KIT EMPIRE,1
0.04337923180453463,HOMEMADE JAM SCENTED CANDLES,1
0.04317217103219795,WOODLAND CHARLOTTE BAG,1
0.04296511025986127,DOORMAT RED RETROSPOT,1
0.04296511025986127,RECYCLING BAG RETROSPOT,1
0.04286157987369293,PICNIC BASKET WICKER SMALL,1
0.04213686717051455,GIN + TONIC DIET METAL SIGN,1
0.04120509369499948,LUNCH BOX I LOVE LONDON,1
0.04110156330883114,HANGING HEART ZINC T-LIGHT HOLDER,1
0.04110156330883114,RED TOADSTOOL LED NIGHT LIGHT,1
0.04089450253649446,SPOTTY BUNTING,1
0.04058391137798944,DOORMAT UNION FLAG,1
0.04027332021948442,COLOUR GLASS T-LIGHT HOLDER HANGING,1
0.04016978983331608,SET OF 3 BUTTERFLY COOKIE CUTTERS,1
0.040066259447147735,LOVE BUILDING BLOCK WORD,1
0.03985919867481106,HAND OVER THE CHOCOLATE   SIGN,1
0.03985919867481106,REX CASH+CARRY JUMBO SHOPPER,1
0.039755668288642715,BATHROOM METAL SIGN,1
0.039755668288642715,LUNCH BAG APPLE DESIGN,1
0.03965213790247438,PINK REGENCY TEACUP AND SAUCER,1
0.03861683404079097,PACK OF 20 NAPKINS PANTRY DESIGN,1
0.03830624288228595,PICNIC BASKET WICKER LARGE,1
0.03830624288228595,RETROSPOT TEA SET CERAMIC 11 PC,1
0.03809918210994927,RED HANGING HEART T-LIGHT HOLDER,1
0.03758153017910757,CHARLOTTE BAG PINK POLKADOT,1
0.037477999792939226,ALARM CLOCK BAKELIKE GREEN,1
0.03737446940677089,STRAWBERRY CHARLOTTE BAG,1
0.03727093902060254,RED RETROSPOT PICNIC BAG,1
0.037167408634434206,WOOD BLACK BOARD ANT WHITE FINISH,1
0.03706387824826587,DOORMAT HEARTS,1
0.03706387824826587,HOT BATHS METAL SIGN,1
0.036546226317424164,ROUND SNACK BOXES SET OF4 WOODLAND,1
0.036235635158919144,FELTCRAFT 6 FLOWER FRIENDS,1
0.036235635158919144,TEA TIME PARTY BUNTING,1
0.03551092245574076,72 SWEETHEART FAIRY CAKE CASES,1
0.03551092245574076,DOORMAT NEW ENGLAND,1
0.03551092245574076,GUMBALL COAT RACK,1
0.03540739206957242,ENAMEL FLOWER JUG CREAM,1
0.03520033129723574,CHILLI LIGHTS,1
0.0350968009110674,ALARM CLOCK BAKELIKE PINK,1
0.0350968009110674,RED RETROSPOT CAKE STAND,1
0.034993270524899055,BAKING SET 9 PIECE RETROSPOT,1
0.034993270524899055,JUMBO STORAGE BAG SKULLS,1
0.034993270524899055,VINTAGE SNAP CARDS,1
0.03478620975256238,JUMBO BAG APPLES,1
0.034682679366394034,STRAWBERRY LUNCH BOX WITH CUTLERY,1
0.034579148980225696,LUNCH BAG DOLLY GIRL DESIGN,1
0.03447561859405736,JUMBO BAG SPACEBOY DESIGN,1
0.034268557821720676,SET OF 72 PINK HEART PAPER DOILIES,1
0.033957966663215655,NO SINGING METAL SIGN,1
0.03375090589087897,IVORY KITCHEN SCALES,1
0.03375090589087897,PACK OF 72 SKULL CAKE CASES,1
0.033026193187700593,JUMBO BAG TOYS,1
0.03250854125685889,SINGLE HEART ZINC T-LIGHT HOLDER,1
0.032405010870690545,PAPER CHAIN KIT RETROSPOT,1
0.032405010870690545,SWEETHEART CAKESTAND 3 TIER,1
0.03219795009835387,PLASTERS IN TIN WOODLAND ANIMALS,1
0.03219795009835387,SET/6 RED SPOTTY PAPER PLATES,1
0.032094419712185525,JUMBO BAG DOILEY PATTERNS,1
0.032094419712185525,WOOD S/3 CABINET ANT WHITE FINISH,1
0.03199088932601719,GINGERBREAD MAN COOKIE CUTTER,1
0.031783828553680504,ROUND SNACK BOXES SET OF 4 FRUITS,1
0.031680298167512166,WOODEN UNION JACK BUNTING,1
0.031473237395175484,LOVEBIRD HANGING DECORATION WHITE,1
0.031473237395175484,PACK OF 60 DINOSAUR CAKE CASES,1
0.031369707009007146,ASSORTED COLOURS SILK FAN,1
0.031059115850502122,LUNCH BAG DOILEY PATTERN,1
0.03095558546433378,EDWARDIAN PARASOL NATURAL,1
0.030852055078165443,PLASTERS IN TIN SPACEBOY,1
0.030852055078165443,SET 2 TEA TOWELS I LOVE LONDON,1
0.030541463919660422,BOX OF 24 COCKTAIL PARASOLS,1
0.030541463919660422,TRAVEL SEWING KIT,1
0.03033440314732374,SMALL GLASS HEART TRINKET POT,1
0.03012734237498706,CREAM SWEETHEART MINI CHEST,1
0.03002381198881872,CANDLEHOLDER PINK HANGING HEART,1
0.03002381198881872,LADIES & GENTLEMEN METAL SIGN,1
0.03002381198881872,PACK OF 60 SPACEBOY CAKE CASES,1
0.029609690444145357,JUMBO BAG OWLS,1
0.029506160057977016,RED  HARMONICA IN BOX,1
0.029402629671808674,HANGING JAM JAR T-LIGHT HOLDER,1
0.029402629671808674,JUMBO BAG ALPHABET,1
0.029402629671808674,PAPER BUNTING WHITE LACE,1
0.029299099285640336,JUMBO BAG SCANDINAVIAN BLUE PAISLEY,1
0.029299099285640336,SWEETHEART CERAMIC TRINKET BOX,1
0.029195568899471995,RED KITCHEN SCALES,1
0.029195568899471995,RED RETROSPOT SHOPPER BAG,1
0.029195568899471995,SET/3 RED GINGHAM ROSE STORAGE BOX,1
0.028988508127135316,CREAM HEART CARD HOLDER,1
0.028677916968630292,PHOTO FRAME CORNICE,1
0.028574386582461954,FELTCRAFT BUTTERFLY HEARTS,1
0.028574386582461954,LUNCH BOX WITH CUTLERY RETROSPOT,1
0.028574386582461954,RED RETROSPOT PEG BAG,1
0.028470856196293613,CHOCOLATE HOT WATER BOTTLE,1
0.028470856196293613,POTTERING IN THE SHED METAL SIGN,1
0.02826379542395693,VINTAGE UNION JACK BUNTING,1
0.028160265037788592,DOORMAT SPOTTY HOME SWEET HOME,1
0.028160265037788592,PINK CREAM FELT CRAFT TRINKET BOX,1
0.028160265037788592,PLASTERS IN TIN CIRCUS PARADE,1
0.02784967387928357,ALARM CLOCK BAKELIKE ORANGE,1
0.02774614349311523,RED RETROSPOT BOWL,1
0.02774614349311523,SCOTTIE DOG HOT WATER BOTTLE,1
0.02764261310694689,SET/6 RED SPOTTY PAPER CUPS,1
0.02764261310694689,SMALL HEART MEASURING SPOONS,1
0.02743555233461021,NATURAL SLATE CHALKBOARD LARGE,1
0.027332021948441868,PACK OF 12 LONDON TISSUES,1
0.027228491562273527,LUNCH BAG ALPHABET DESIGN,1
0.027021430789936848,DOORMAT FANCY FONT HOME SWEET HOME,1
0.027021430789936848,SPACEBOY BIRTHDAY CARD,1
0.026917900403768506,SET OF 20 KIDS COOKIE CUTTERS,1
0.026503778859095144,PLASTERS IN TIN VINTAGE PAISLEY,1
0.026503778859095144,"SET 3 RETROSPOT TEA,COFFEE,SUGAR",1
0.026503778859095144,TOY TIDY PINK POLKADOT,1
0.026193187700590124,FELTCRAFT CUSHION RABBIT,1
0.026089657314421782,ZINC METAL HEART DECORATION,1
0.02598612692825344,3 HOOK PHOTO SHELF ANTIQUE WHITE,1
0.025882596542085103,CLEAR DRAWER KNOB ACRYLIC EDWARDIAN,1
0.025779066155916762,ENAMEL BREAD BIN CREAM,1
0.025779066155916762,METAL 4 HOOK HANGER FRENCH CHATEAU,1
0.02567553576974842,BEWARE OF THE CAT METAL SIGN,1
0.02567553576974842,DOORMAT FAIRY CAKE,1
0.02567553576974842,RETROSPOT HEART HOT WATER BOTTLE,1
0.02567553576974842,STRAWBERRY   PICNIC BAG,1
0.02557200538358008,WHITE WOOD GARDEN PLANT LADDER,1
0.02546847499741174,CHILDRENS APRON SPACEBOY DESIGN,1
0.02546847499741174,SET/2 RED RETROSPOT TEA TOWELS,1
0.02546847499741174,TRAVEL CARD WALLET KEEP CALM,1
0.0253649446112434,CHOCOLATE THIS WAY METAL SIGN,1
0.0253649446112434,DOORMAT ENGLISH ROSE,1
0.0253649446112434,SUKI  SHOULDER BAG,1
0.02515788383890672,DOORMAT KEEP CALM AND COME IN,1
0.024847292680401697,DOORMAT WELCOME TO OUR HOME,1
0.02474376229423336,STRAWBERRY SHOPPER BAG,1
0.02474376229423336,WOOD 2 DRAWER CABINET WHITE FINISH,1
0.024640231908065018,PACK OF 12 HEARTS DESIGN TISSUES,1
0.024640231908065018,RED STRIPE CERAMIC DRAWER KNOB,1
0.024640231908065018,SMALL DOLLY MIX DESIGN ORANGE BOWL,1
0.024536701521896676,CARD BILLBOARD FONT,1
0.024536701521896676,PAPER BUNTING COLOURED LACE,1
0.024536701521896676,RED DINER WALL CLOCK,1
0.024433171135728335,ALARM CLOCK BAKELIKE IVORY,1
0.024433171135728335,PINK FAIRY CAKE CHILDRENS APRON,1
0.024329640749559997,BLUE STRIPE CERAMIC DRAWER KNOB,1
0.024329640749559997,POTTING SHED TEA MUG,1
0.024329640749559997,VINTAGE CREAM DOG FOOD CONTAINER,1
0.024226110363391656,RECIPE BOX RETROSPOT,1
0.024226110363391656,VINTAGE HEADS AND TAILS CARD GAME,1
0.024122579977223314,PINK HAPPY BIRTHDAY BUNTING,1
0.024122579977223314,YOU'RE CONFUSING ME METAL SIGN,1
0.024019049591054973,HAND WARMER BABUSHKA DESIGN,1
0.024019049591054973,WATERING CAN BLUE ELEPHANT,1
0.024019049591054973,WORLD WAR 2 GLIDERS ASSTD DESIGNS,1
0.023811988818718294,FOUR HOOK  WHITE LOVEBIRDS,1
0.023811988818718294,RED RETROSPOT CUP,1
0.023708458432549952,RECIPE BOX BLUE SKETCHBOOK DESIGN,1
0.023708458432549952,WHITE SPOT RED CERAMIC DRAWER KNOB,1
0.023604928046381615,GARLAND WOODEN HAPPY EASTER,1
0.023604928046381615,PLASTERS IN TIN SKULLS,1
0.023501397660213273,HEART IVORY TRELLIS SMALL,1
0.023397867274044932,PLASTERS IN TIN STRONGMAN,1
0.023397867274044932,WHITE SPOT BLUE CERAMIC DRAWER KNOB,1
0.02329433688787659,LUNCH BAG VINTAGE LEAF DESIGN,1
0.02329433688787659,RED SPOTTY BISCUIT TIN,1
0.023190806501708253,BLUE HAPPY BIRTHDAY BUNTING,1
0.023190806501708253,TOILET METAL SIGN,1
0.02308727611553991,JUMBO BAG VINTAGE LEAF,1
0.02308727611553991,SKULL LUNCH BOX WITH CUTLERY,1
0.02298374572937157,IVORY DINER WALL CLOCK,1
0.02298374572937157,POPPY'S PLAYHOUSE KITCHEN,1
0.02298374572937157,RETROSPOT LARGE MILK JUG,1
0.02298374572937157,SET 20 NAPKINS FAIRY CAKES DESIGN,1
0.02288021534320323,KNITTED UNION FLAG HOT WATER BOTTLE,1
0.02277668495703489,FELTCRAFT CUSHION BUTTERFLY,1
0.02277668495703489,FINE WICKER HEART,1
0.02277668495703489,MEMO BOARD RETROSPOT  DESIGN,1
0.02277668495703489,PACK OF 20 NAPKINS RED APPLES,1
0.02277668495703489,WOODEN ROUNDERS GARDEN SET,1
0.02267315457086655,CHARLOTTE BAG APPLES DESIGN,1
0.02267315457086655,PINK BLUE FELT CRAFT TRINKET BOX,1
0.02267315457086655,POPPY'S PLAYHOUSE BEDROOM,1
0.02267315457086655,SET/10 RED POLKADOT PARTY CANDLES,1
0.022569624184698208,CIRCUS PARADE LUNCH BOX,1
0.022569624184698208,JAM JAR WITH PINK LID,1
0.022569624184698208,JUMBO BAG CHARLIE AND LOLA TOYS,1
0.022569624184698208,METAL SIGN TAKE IT OR LEAVE IT,1
0.022569624184698208,RED RETROSPOT OVEN GLOVE,1
0.022569624184698208,SET OF 3 NOTEBOOKS IN PARCEL,1
0.02246609379852987,FELTCRAFT CUSHION OWL,1
0.02246609379852987,HOT WATER BOTTLE I AM SO POORLY,1
0.02246609379852987,TRADITIONAL KNITTING NANCY,1
0.02236256341236153,ANTIQUE SILVER TEA GLASS ETCHED,1
0.02236256341236153,SET OF 72 RETROSPOT PAPER  DOILIES,1
0.022259033026193187,SET/20 STRAWBERRY PAPER NAPKINS,1
0.022155502640024846,IVORY HANGING DECORATION  HEART,1
0.02205197225385651,AREA PATROLLED METAL SIGN,1
0.02205197225385651,LARGE HEART MEASURING SPOONS,1
0.02205197225385651,SOLDIERS EGG CUP,1
0.021948441867688167,CERAMIC STRAWBERRY CAKE MONEY BANK,1
0.021948441867688167,SCANDINAVIAN PAISLEY PICNIC BAG,1
0.021948441867688167,SET 3 PAPER VINTAGE CHICK PAPER EGG,1
0.021948441867688167,WATERING CAN PINK BUNNY,1
0.021844911481519826,GREY HEART HOT WATER BOTTLE,1
0.021844911481519826,PACK OF 60 MUSHROOM CAKE CASES,1
0.021844911481519826,PINK VINTAGE PAISLEY PICNIC BAG,1
0.021741381095351484,FAWN BLUE HOT WATER BOTTLE,1
0.021741381095351484,I'M ON HOLIDAY METAL SIGN,1
0.021741381095351484,RED RETROSPOT MINI CASES,1
0.021637850709183146,60 CAKE CASES DOLLY GIRL DESIGN,1
0.021637850709183146,SMALL MARSHMALLOWS PINK BOWL,1
0.021534320323014805,12 PENCILS SMALL TUBE RED RETROSPOT,1
0.021534320323014805,NATURAL SLATE RECTANGLE CHALKBOARD,1
0.021534320323014805,SET 7 BABUSHKA NESTING BOXES,1
0.021430789936846464,ANTIQUE SILVER T-LIGHT GLASS,1
0.021430789936846464,SET/10 PINK POLKADOT PARTY CANDLES,1
0.021327259550678122,ENAMEL MEASURING JUG CREAM,1
0.021327259550678122,PARTY METAL SIGN,1
0.021223729164509784,BLUE SPOT CERAMIC DRAWER KNOB,1
0.021223729164509784,PINK BABY BUNTING,1
0.021223729164509784,"RECORD FRAME 7"" SINGLE SIZE",1
0.021223729164509784,SET OF 36 TEATIME PAPER DOILIES,1
0.021120198778341443,RED RETROSPOT SMALL MILK JUG,1
0.021120198778341443,RETROSPOT RED WASHING UP GLOVES,1
0.021016668392173102,12 PENCILS SMALL TUBE SKULL,1
0.020913138006004764,WOODEN BOX OF DOMINOES,1
0.020809607619836423,PACK OF 6 BIRDY GIFT TAGS,1
0.020809607619836423,TEA PARTY BIRTHDAY CARD,1
0.02070607723366808,BLUE POLKADOT CUP,1
0.02070607723366808,CREAM CUPID HEARTS COAT HANGER,1
0.02070607723366808,LUNCH BAG SUKI  DESIGN,1
0.02070607723366808,RED SPOT CERAMIC DRAWER KNOB,1
0.02060254684749974,BLUE HARMONICA IN BOX,1
0.02060254684749974,HEART IVORY TRELLIS LARGE,1
0.020499016461331402,CHARLOTTE BAG DOLLY GIRL DESIGN,1
0.020499016461331402,GARDENERS KNEELING PAD KEEP CALM,1
0.020499016461331402,WHITE METAL LANTERN,1
0.02039548607516306,PAPER CHAIN KIT 50'S CHRISTMAS,1
0.02039548607516306,TOILET SIGN OCCUPIED OR VACANT,1
0.02029195568899472,3 STRIPEY MICE FELTCRAFT,1
0.02029195568899472,GLASS  BEURRE DISH,1
0.02029195568899472,RED RETROSPOT ROUND CAKE TINS,1
0.02029195568899472,SET 2 PANTRY DESIGN TEA TOWELS,1
0.020188425302826378,BLUE POLKADOT BOWL,1
0.020188425302826378,IVORY GIANT GARDEN THERMOMETER,1
0.020188425302826378,PINK HEART SHAPE EGG FRYING PAN,1
0.020188425302826378,RED RETROSPOT OVEN GLOVE DOUBLE,1
0.02008489491665804,3 PIECE SPACEBOY COOKIE CUTTER SET,1
0.02008489491665804,JUMBO BAG DOLLY GIRL DESIGN,1
0.02008489491665804,VINTAGE CREAM CAT FOOD CONTAINER,1
0.04503571798322808,"GREEN REGENCY TEACUP AND SAUCER, ROSES REGENCY TEACUP AND SAUCER",2
0.04400041412154467,"JUMBO BAG PINK POLKADOT, JUMBO BAG RED RETROSPOT",2
0.03851330365462263,"JUMBO BAG RED RETROSPOT, JUMBO STORAGE BAG SUKI",2
0.036856817475929185,"JUMBO BAG RED RETROSPOT, JUMBO SHOPPER VINTAGE RED PAISLEY",2
0.033647375504710635,"JUMBO  BAG BAROQUE BLACK WHITE, JUMBO BAG RED RETROSPOT",2
0.03292266280153225,"GREEN REGENCY TEACUP AND SAUCER, PINK REGENCY TEACUP AND SAUCER",2
0.031369707009007146,"PINK REGENCY TEACUP AND SAUCER, ROSES REGENCY TEACUP AND SAUCER",2
0.0307485246919971,"DOTCOM POSTAGE, JUMBO BAG RED RETROSPOT",2
0.03064499430582876,"REGENCY CAKESTAND 3 TIER, ROSES REGENCY TEACUP AND SAUCER",2
0.030541463919660422,"HEART OF WICKER LARGE, HEART OF WICKER SMALL",2
0.03043793353349208,"JUMBO SHOPPER VINTAGE RED PAISLEY, JUMBO STORAGE BAG SUKI",2
0.030230872761155398,"LUNCH BAG  BLACK SKULL., LUNCH BAG RED RETROSPOT",2
0.03002381198881872,"GREEN REGENCY TEACUP AND SAUCER, REGENCY CAKESTAND 3 TIER",2
0.029816751216482036,"LUNCH BAG PINK POLKADOT, LUNCH BAG RED RETROSPOT",2
0.029092038513303654,"JUMBO BAG RED RETROSPOT, LUNCH BAG RED RETROSPOT",2
0.028988508127135316,"JUMBO BAG RED RETROSPOT, JUMBO BAG WOODLAND ANIMALS",2
0.028677916968630292,"60 TEATIME FAIRY CAKE CASES, PACK OF 72 RETROSPOT CAKE CASES",2
0.028574386582461954,"JUMBO BAG PINK POLKADOT, JUMBO STORAGE BAG SUKI",2
0.02805673465162025,"LUNCH BAG CARS BLUE, LUNCH BAG RED RETROSPOT",2
0.02774614349311523,"SET OF 3 CAKE TINS PANTRY DESIGN, SET OF 6 SPICE TINS PANTRY DESIGN",2
0.027539082720778547,"JUMBO BAG RED RETROSPOT, JUMBO BAG STRAWBERRY",2
0.02743555233461021,"LUNCH BAG RED RETROSPOT, LUNCH BAG SPACEBOY DESIGN",2
0.027228491562273527,"JAM MAKING SET PRINTED, JAM MAKING SET WITH JARS",2
0.027021430789936848,"DOLLY GIRL LUNCH BOX, SPACEBOY LUNCH BOX",2
0.026917900403768506,"JUMBO BAG WOODLAND ANIMALS, JUMBO STORAGE BAG SUKI",2
0.026607309245263486,"JUMBO BAG PINK VINTAGE PAISLEY, JUMBO BAG RED RETROSPOT",2
0.026400248472926803,"JUMBO BAG PINK POLKADOT, JUMBO SHOPPER VINTAGE RED PAISLEY",2
0.026296718086758465,"PARTY BUNTING, WHITE HANGING HEART T-LIGHT HOLDER",2
0.026193187700590124,"LUNCH BAG RED RETROSPOT, LUNCH BAG WOODLAND",2
0.02567553576974842,"CHARLOTTE BAG PINK POLKADOT, RED RETROSPOT CHARLOTTE BAG",2
0.02557200538358008,"LUNCH BAG  BLACK SKULL., LUNCH BAG PINK POLKADOT",2
0.02557200538358008,"PACK OF 60 PINK PAISLEY CAKE CASES, PACK OF 72 RETROSPOT CAKE CASES",2
0.02515788383890672,"CHARLOTTE BAG SUKI DESIGN, RED RETROSPOT CHARLOTTE BAG",2
0.02515788383890672,"RED HANGING HEART T-LIGHT HOLDER, WHITE HANGING HEART T-LIGHT HOLDER",2
0.024950823066570038,"LUNCH BAG CARS BLUE, LUNCH BAG PINK POLKADOT",2
0.024847292680401697,"PARTY BUNTING, REGENCY CAKESTAND 3 TIER",2
0.024847292680401697,"WOODEN FRAME ANTIQUE WHITE, WOODEN PICTURE FRAME WHITE FINISH",2
0.024640231908065018,"RED RETROSPOT CHARLOTTE BAG, WOODLAND CHARLOTTE BAG",2
0.024329640749559997,"JUMBO BAG PINK POLKADOT, JUMBO BAG WOODLAND ANIMALS",2
0.024226110363391656,"HEART OF WICKER SMALL, WHITE HANGING HEART T-LIGHT HOLDER",2
0.024122579977223314,"NATURAL SLATE HEART CHALKBOARD, WHITE HANGING HEART T-LIGHT HOLDER",2
0.023915519204886635,"WHITE HANGING HEART T-LIGHT HOLDER, WOODEN PICTURE FRAME WHITE FINISH",2
0.023811988818718294,"DOTCOM POSTAGE, JUMBO STORAGE BAG SUKI",2
0.023708458432549952,"ALARM CLOCK BAKELIKE GREEN, ALARM CLOCK BAKELIKE RED",2
0.023604928046381615,"JUMBO  BAG BAROQUE BLACK WHITE, JUMBO STORAGE BAG SUKI",2
0.023501397660213273,"RED RETROSPOT CHARLOTTE BAG, STRAWBERRY CHARLOTTE BAG",2
0.023190806501708253,"JUMBO  BAG BAROQUE BLACK WHITE, JUMBO BAG PINK POLKADOT",2
0.023190806501708253,"LUNCH BAG  BLACK SKULL., LUNCH BAG CARS BLUE",2
0.02288021534320323,"JUMBO BAG RED RETROSPOT, WHITE HANGING HEART T-LIGHT HOLDER",2
0.022569624184698208,"JUMBO BAG WOODLAND ANIMALS, JUMBO SHOPPER VINTAGE RED PAISLEY",2
0.022569624184698208,"LUNCH BAG RED RETROSPOT, LUNCH BAG SUKI DESIGN",2
0.02236256341236153,"JUMBO BAG RED RETROSPOT, JUMBO BAG SPACEBOY DESIGN",2
0.02236256341236153,"JUMBO BAG RED RETROSPOT, RECYCLING BAG RETROSPOT",2
0.02236256341236153,"REGENCY CAKESTAND 3 TIER, WHITE HANGING HEART T-LIGHT HOLDER",2
0.022259033026193187,"CHARLOTTE BAG SUKI DESIGN, WOODLAND CHARLOTTE BAG",2
0.022259033026193187,"JUMBO  BAG BAROQUE BLACK WHITE, JUMBO SHOPPER VINTAGE RED PAISLEY",2
0.022155502640024846,"DOTCOM POSTAGE, JUMBO SHOPPER VINTAGE RED PAISLEY",2
0.022155502640024846,"SET/6 RED SPOTTY PAPER CUPS, SET/6 RED SPOTTY PAPER PLATES",2
0.02205197225385651,"JUMBO BAG RED RETROSPOT, JUMBO BAG TOYS",2
0.02205197225385651,"LUNCH BAG  BLACK SKULL., LUNCH BAG SPACEBOY DESIGN",2
0.02205197225385651,"SET/20 RED RETROSPOT PAPER NAPKINS, SET/6 RED SPOTTY PAPER PLATES",2
0.021948441867688167,"JAM MAKING SET WITH JARS, SET OF 3 CAKE TINS PANTRY DESIGN",2
0.021844911481519826,"DOTCOM POSTAGE, JUMBO BAG PINK POLKADOT",2
0.021741381095351484,"DOTCOM POSTAGE, JUMBO BAG WOODLAND ANIMALS",2
0.021741381095351484,"JUMBO BAG PINK VINTAGE PAISLEY, JUMBO SHOPPER VINTAGE RED PAISLEY",2
0.021637850709183146,"LUNCH BAG CARS BLUE, LUNCH BAG WOODLAND",2
0.021534320323014805,"PACK OF 72 RETROSPOT CAKE CASES, REGENCY CAKESTAND 3 TIER",2
0.021327259550678122,"CANDLEHOLDER PINK HANGING HEART, WHITE HANGING HEART T-LIGHT HOLDER",2
0.021327259550678122,"LUNCH BAG SPACEBOY DESIGN, LUNCH BAG WOODLAND",2
0.020913138006004764,"ALARM CLOCK BAKELIKE PINK, ALARM CLOCK BAKELIKE RED",2
0.02070607723366808,"PACK OF 72 RETROSPOT CAKE CASES, PACK OF 72 SKULL CAKE CASES",2
0.02060254684749974,"DOTCOM POSTAGE, PICNIC BASKET WICKER SMALL",2
0.02060254684749974,"JUMBO BAG RED RETROSPOT, SMALL POPCORN HOLDER",2
0.02039548607516306,"COOK WITH WINE METAL SIGN, GIN + TONIC DIET METAL SIGN",2
0.02039548607516306,"LUNCH BAG  BLACK SKULL., LUNCH BAG WOODLAND",2
0.02039548607516306,"LUNCH BAG CARS BLUE, LUNCH BAG SPACEBOY DESIGN",2
0.02039548607516306,"LUNCH BAG PINK POLKADOT, LUNCH BAG SPACEBOY DESIGN",2
0.02029195568899472,"DOTCOM POSTAGE, RECYCLING BAG RETROSPOT",2
0.020188425302826378,"ASSORTED COLOUR BIRD ORNAMENT, WHITE HANGING HEART T-LIGHT HOLDER",2
0.020188425302826378,"HEART OF WICKER LARGE, WHITE HANGING HEART T-LIGHT HOLDER",2
0.020188425302826378,"JUMBO BAG RED RETROSPOT, RED RETROSPOT CHARLOTTE BAG",2
0.028988508127135316,"GREEN REGENCY TEACUP AND SAUCER, PINK REGENCY TEACUP AND SAUCER, ROSES REGENCY TEACUP AND SAUCER",3
0.023811988818718294,"GREEN REGENCY TEACUP AND SAUCER, REGENCY CAKESTAND 3 TIER, ROSES REGENCY TEACUP AND SAUCER",3
0.02246609379852987,"JUMBO BAG PINK POLKADOT, JUMBO BAG RED RETROSPOT, JUMBO STORAGE BAG SUKI",3
0.022155502640024846,"JUMBO BAG RED RETROSPOT, JUMBO SHOPPER VINTAGE RED PAISLEY, JUMBO STORAGE BAG SUKI",3
0.020913138006004764,"JUMBO BAG PINK POLKADOT, JUMBO BAG RED RETROSPOT, JUMBO SHOPPER VINTAGE RED PAISLEY",3
